-- EDIFICIO
INSERT INTO EDIFICIO VALUES (7, 'CAMPUS JURIQUILLA');
INSERT INTO EDIFICIO VALUES (8, 'EDIFICIO A');
INSERT INTO EDIFICIO VALUES (24, 'EDIFICIO B');
INSERT INTO EDIFICIO VALUES (12, 'EDIFICIO C');
INSERT INTO EDIFICIO VALUES (9, 'EDIFICIO D');
INSERT INTO EDIFICIO VALUES (21, 'EDIFICIO E');
INSERT INTO EDIFICIO VALUES (13, 'EDIFICIO F');
INSERT INTO EDIFICIO VALUES (2, 'EDIFICIO G');
INSERT INTO EDIFICIO VALUES (18, 'EDIFICIO H');
INSERT INTO EDIFICIO VALUES (25, 'EDIFICIO I');
INSERT INTO EDIFICIO VALUES (19, 'EDIFICIO J');
INSERT INTO EDIFICIO VALUES (22, 'EDIFICIO K');
INSERT INTO EDIFICIO VALUES (26, 'EDIFICIO L');
INSERT INTO EDIFICIO VALUES (23, 'EDIFICIO M');
INSERT INTO EDIFICIO VALUES (16, 'EDIFICIO N');
INSERT INTO EDIFICIO VALUES ( 1,'EDIFICIO O');
INSERT INTO EDIFICIO VALUES ( 4,'EDIFICIO P');
INSERT INTO EDIFICIO VALUES ( 5,'EDIFICIO Q');
INSERT INTO EDIFICIO VALUES ( 3,'EDIFICIO R');
INSERT INTO EDIFICIO VALUES (11, 'EDIFICIO S');
INSERT INTO EDIFICIO VALUES (6, 'EDIFICIO T');
INSERT INTO EDIFICIO VALUES (17, 'EDIFICIO U');
INSERT INTO EDIFICIO VALUES (14, 'EDIFICIO V');
INSERT INTO EDIFICIO VALUES (27, 'EDIFICIO W');
INSERT INTO EDIFICIO VALUES (25, 'EDIFICIO X');
INSERT INTO EDIFICIO VALUES (10, 'JUITEPEC, MORELOS');
INSERT INTO EDIFICIO VALUES (20, 'PALACIO DE MINERIA');

-- MARCA
INSERT INTO MARCA (MARCA_ID, NOMBRE) VALUES (1, 'BESTEC');
INSERT INTO MARCA (MARCA_ID, NOMBRE) VALUES (2, 'DELL');
INSERT INTO MARCA (MARCA_ID, NOMBRE) VALUES (3, 'DELTAELECTR');
INSERT INTO MARCA (MARCA_ID, NOMBRE) VALUES (4, 'EDGESYSTEMS');
INSERT INTO MARCA (MARCA_ID, NOMBRE) VALUES (5, 'GENERICO');
INSERT INTO MARCA (MARCA_ID, NOMBRE) VALUES (6, 'HP');
INSERT INTO MARCA (MARCA_ID, NOMBRE) VALUES (7, 'ITT POWERSY');
INSERT INTO MARCA (MARCA_ID, NOMBRE) VALUES (8, 'LENOVO');
INSERT INTO MARCA (MARCA_ID, NOMBRE) VALUES (9, 'POWERMAN');
INSERT INTO MARCA (MARCA_ID, NOMBRE) VALUES (10, 'BOSCH');
INSERT INTO MARCA (MARCA_ID, NOMBRE) VALUES (11, 'RICOH');
INSERT INTO MARCA (MARCA_ID, NOMBRE) VALUES (12, 'ROHS');
INSERT INTO MARCA (MARCA_ID, NOMBRE) VALUES (13, '3COM');
INSERT INTO MARCA (MARCA_ID, NOMBRE) VALUES (14, 'ACCO');
INSERT INTO MARCA (MARCA_ID, NOMBRE) VALUES (15, 'ACER');
INSERT INTO MARCA (MARCA_ID, NOMBRE) VALUES (16, 'AJAX');
INSERT INTO MARCA (MARCA_ID, NOMBRE) VALUES (17, 'ALCATEL');
INSERT INTO MARCA (MARCA_ID, NOMBRE) VALUES (18, 'ASUS');
INSERT INTO MARCA (MARCA_ID, NOMBRE) VALUES (19, 'BELDEN');
INSERT INTO MARCA (MARCA_ID, NOMBRE) VALUES (20, 'BLUEX');
INSERT INTO MARCA (MARCA_ID, NOMBRE) VALUES (21, 'CABEL');
INSERT INTO MARCA (MARCA_ID, NOMBRE) VALUES (22, 'CH');
INSERT INTO MARCA (MARCA_ID, NOMBRE) VALUES (23, 'CISCO');
INSERT INTO MARCA (MARCA_ID, NOMBRE) VALUES (24, 'CLORALEX');
INSERT INTO MARCA (MARCA_ID, NOMBRE) VALUES (25, 'CONDUMEX');
INSERT INTO MARCA (MARCA_ID, NOMBRE) VALUES (26, 'DEWALT');
INSERT INTO MARCA (MARCA_ID, NOMBRE) VALUES (27, 'DISSTON');
INSERT INTO MARCA (MARCA_ID, NOMBRE) VALUES (28, 'DURACEL');
INSERT INTO MARCA (MARCA_ID, NOMBRE) VALUES (29, 'ELPIDA');
INSERT INTO MARCA (MARCA_ID, NOMBRE) VALUES (30, 'FANAL');
INSERT INTO MARCA (MARCA_ID, NOMBRE) VALUES (31, 'FIERO');
INSERT INTO MARCA (MARCA_ID, NOMBRE) VALUES (32, 'GAMAXEL');
INSERT INTO MARCA (MARCA_ID, NOMBRE) VALUES (33, 'HILLMAN');
INSERT INTO MARCA (MARCA_ID, NOMBRE) VALUES (34, 'HUSKY');
INSERT INTO MARCA (MARCA_ID, NOMBRE) VALUES (35, 'HYNIX');
INSERT INTO MARCA (MARCA_ID, NOMBRE) VALUES (36, 'IDEAL');
INSERT INTO MARCA (MARCA_ID, NOMBRE) VALUES (37, 'INIDANA');
INSERT INTO MARCA (MARCA_ID, NOMBRE) VALUES (38, 'JANEL');
INSERT INTO MARCA (MARCA_ID, NOMBRE) VALUES (39, 'JHONSON&JHO');
INSERT INTO MARCA (MARCA_ID, NOMBRE) VALUES (40, 'KINGSTON');
INSERT INTO MARCA (MARCA_ID, NOMBRE) VALUES (41, 'LEVITON');
INSERT INTO MARCA (MARCA_ID, NOMBRE) VALUES (42, 'LYNKSIS');
INSERT INTO MARCA (MARCA_ID, NOMBRE) VALUES (43, 'MAXTOR');
INSERT INTO MARCA (MARCA_ID, NOMBRE) VALUES (44, 'MILKWAUKEE');
INSERT INTO MARCA (MARCA_ID, NOMBRE) VALUES (45, 'MYLIN');
INSERT INTO MARCA (MARCA_ID, NOMBRE) VALUES (46, 'NEC');
INSERT INTO MARCA (MARCA_ID, NOMBRE) VALUES (47, 'NITTO');
INSERT INTO MARCA (MARCA_ID, NOMBRE) VALUES (48, 'OML');
INSERT INTO MARCA (MARCA_ID, NOMBRE) VALUES (49, 'PANDUIT');
INSERT INTO MARCA (MARCA_ID, NOMBRE) VALUES (50, 'PHILIPS');
INSERT INTO MARCA (MARCA_ID, NOMBRE) VALUES (51, 'PRETUL');
INSERT INTO MARCA (MARCA_ID, NOMBRE) VALUES (52, 'RAID');
INSERT INTO MARCA (MARCA_ID, NOMBRE) VALUES (53, 'RESISTOL');
INSERT INTO MARCA (MARCA_ID, NOMBRE) VALUES (54, 'ROSHFRANS');
INSERT INTO MARCA (MARCA_ID, NOMBRE) VALUES (55, 'SAMSUNSG');
INSERT INTO MARCA (MARCA_ID, NOMBRE) VALUES (56, 'SCJHONSON');
INSERT INTO MARCA (MARCA_ID, NOMBRE) VALUES (57, 'SEAGATE');
INSERT INTO MARCA (MARCA_ID, NOMBRE) VALUES (58, 'SONY');
INSERT INTO MARCA (MARCA_ID, NOMBRE) VALUES (59, 'STEREN');
INSERT INTO MARCA (MARCA_ID, NOMBRE) VALUES (60, 'TOSHIBA');
INSERT INTO MARCA (MARCA_ID, NOMBRE) VALUES (61, 'TP-LINK');
INSERT INTO MARCA (MARCA_ID, NOMBRE) VALUES (62, 'TRUPER');
INSERT INTO MARCA (MARCA_ID, NOMBRE) VALUES (63, 'UNIT');
INSERT INTO MARCA (MARCA_ID, NOMBRE) VALUES (64, 'URREA');
INSERT INTO MARCA (MARCA_ID, NOMBRE) VALUES (65, 'VLAKON');
INSERT INTO MARCA (MARCA_ID, NOMBRE) VALUES (66, 'WELLER');
INSERT INTO MARCA (MARCA_ID, NOMBRE) VALUES (67, 'WESTERN DIG');

-- MODELO
INSERT INTO MODELO VALUES (1, '4200', '',13);
INSERT INTO MODELO VALUES (2, '4226T', '',13);
INSERT INTO MODELO VALUES (3, '3CRDAG675', '',13);
INSERT INTO MODELO VALUES (4, 'SK-10', '',14);
INSERT INTO MODELO VALUES (5, 'ICONIA TAB', '',15);
INSERT INTO MODELO VALUES (6, 'DNX1843', '',15);
INSERT INTO MODELO VALUES (7, 'BICLORO', '',16);
INSERT INTO MODELO VALUES (8, 'DIGITAL EDO 1', '',17);
INSERT INTO MODELO VALUES (9, 'GEFORCE GTX 980', '',18);
INSERT INTO MODELO VALUES (10, 'MEMO PAD FDH10', '',18);
INSERT INTO MODELO VALUES (11, '6T125312AV', '',22);
INSERT INTO MODELO VALUES (12, '2800 SERIES', '',23);
INSERT INTO MODELO VALUES (13, 'CATALYST 3500', '',23);
INSERT INTO MODELO VALUES (14, 'CATALYST 3560', '',23);
INSERT INTO MODELO VALUES (15, 'CATALYST 2960', '',23);
INSERT INTO MODELO VALUES (16, '5G200-50', '',23);
INSERT INTO MODELO VALUES (17, 'WAP561', '',23);
INSERT INTO MODELO VALUES (18, 'W55001ABYS', '',2);
INSERT INTO MODELO VALUES (19, 'AF-B500 SLIM', '',4);
INSERT INTO MODELO VALUES (20, 'ACE390A', '',6);
INSERT INTO MODELO VALUES (31, 'VIQ10-24G', '',6);
INSERT INTO MODELO VALUES (32, 'CF064A', '',6);
INSERT INTO MODELO VALUES (33, 'JETDIRECT 300X', '',6);
INSERT INTO MODELO VALUES (34, 'FELXIBLE T610', '',6);
INSERT INTO MODELO VALUES (35, 'ST3660A', '',6);
INSERT INTO MODELO VALUES (36, 'DVD 740', '',6);
INSERT INTO MODELO VALUES (37, 'THINK CENTRE', '',8);
INSERT INTO MODELO VALUES (38, 'WRT54G', '',42);
INSERT INTO MODELO VALUES (39, 'WAP55AG', '',42);
INSERT INTO MODELO VALUES (40, 'WAP4400N', '',42);
INSERT INTO MODELO VALUES (41, '90432D2', '',43);
INSERT INTO MODELO VALUES (42, 'D33019', '',43);
INSERT INTO MODELO VALUES (43, '5T020H2', '',43);
INSERT INTO MODELO VALUES (44, 'CBOT', '',49);
INSERT INTO MODELO VALUES (45, 'RP3102', '',11);
INSERT INTO MODELO VALUES (46, 'SB2042H', '',55);
INSERT INTO MODELO VALUES (47, 'WU32553A', '',55);
INSERT INTO MODELO VALUES (48, 'SP0802N', '',55);
INSERT INTO MODELO VALUES (49, 'HD181HJ', '',55);
INSERT INTO MODELO VALUES (50, 'BAYGON', '',56);
INSERT INTO MODELO VALUES (51, 'BARRACUDA 7200.7', '',57);
INSERT INTO MODELO VALUES (52, 'BARRACUDA ATV', '',57);
INSERT INTO MODELO VALUES (53, 'CHEETA 10K.7', '',57);
INSERT INTO MODELO VALUES (54, 'BARRACUDA ATAII', '',57);
INSERT INTO MODELO VALUES (55, 'BARRACUDA 7200.10', '',57);
INSERT INTO MODELO VALUES (56, 'ST340015A', '',57);
INSERT INTO MODELO VALUES (57, 'VPL-CS6', '',58);
INSERT INTO MODELO VALUES (58, 'VPL-CX21', '',58);
INSERT INTO MODELO VALUES (59, 'LIM-CIR', '',59);
INSERT INTO MODELO VALUES (60, 'LIM-ESP', '',59);
INSERT INTO MODELO VALUES (61, 'FLUX', '',59);
INSERT INTO MODELO VALUES (62, 'CAU-150', '',59);
INSERT INTO MODELO VALUES (63, 'MUL-285', '',59);
INSERT INTO MODELO VALUES (64, 'HER-254', '',59);
INSERT INTO MODELO VALUES (65, 'HER-253', '',59);
INSERT INTO MODELO VALUES (66, 'SATELITE PSLB8U-027RL2', '',60);
INSERT INTO MODELO VALUES (67, 'TL-WA7510N', '',61);
INSERT INTO MODELO VALUES (68, 'AC3200', '',60);
INSERT INTO MODELO VALUES (69, 'TL-WDR4300', '',60);
INSERT INTO MODELO VALUES (70, 'WT-400', '',62);
INSERT INTO MODELO VALUES (71, 'UT682', '',62);
INSERT INTO MODELO VALUES (72, 'UT682', '',63);
INSERT INTO MODELO VALUES (73, 'EWSD51', '',66);
INSERT INTO MODELO VALUES (74, 'CAVIAR2100', '',67);
INSERT INTO MODELO VALUES (75, 'WD1600AAJS', '',67);
INSERT INTO MODELO VALUES (76, 'N/A', '',5);

-- PERFIL
INSERT INTO PERFIL VALUES (1, 'ESTUDIANTE');
INSERT INTO PERFIL VALUES (2, 'ACADEMICO');
INSERT INTO PERFIL VALUES (3, 'INVESTIGADOR');
INSERT INTO PERFIL VALUES (4, 'FUNCIONARIO');
INSERT INTO PERFIL VALUES (5, 'ADMINISTRATIVO');

-- SECTOR
INSERT INTO SECTOR VALUES (1,'EDUCACION');
INSERT INTO SECTOR VALUES (2,'INVESTIGACION');
INSERT INTO SECTOR VALUES (3,'DIFUSION CULTURAL');
INSERT INTO SECTOR VALUES (4,'ADMINISTRATIVO/SERVICIOS');

-- SISTEMA OPERATIVO
INSERT INTO SISTEMA_OPERATIVO VALUES (1, '10', '64 BITS', 1);
INSERT INTO SISTEMA_OPERATIVO VALUES (2, '37.2', '64 BITS',2);

-- SUBTIPO
INSERT INTO SUBTIPO VALUES (1, 'TABLETA');
INSERT INTO SUBTIPO VALUES (2, 'PROTATIL');
INSERT INTO SUBTIPO VALUES (3, 'ESCRITORIO');
INSERT INTO SUBTIPO VALUES (4, 'TODO EN UNO');
INSERT INTO SUBTIPO VALUES (5, 'ESTACION DE TRABAJO');
INSERT INTO SUBTIPO VALUES (6, 'SERVIDOR');
INSERT INTO SUBTIPO VALUES (7, 'CLUSTER');
INSERT INTO SUBTIPO VALUES (8, 'CLIENTE LIGERO');
INSERT INTO SUBTIPO VALUES (9, 'MONITOR');
INSERT INTO SUBTIPO VALUES (10, 'IMPRESORA');
INSERT INTO SUBTIPO VALUES (11, 'MULTIFUNCIONAL');

--TIPO_INTERFAZ RED
INSERT INTO TIPO_INTERFAZ_RED VALUES (1,'ETHERNET');
INSERT INTO TIPO_INTERFAZ_RED VALUES (2,'WI-FI');
INSERT INTO TIPO_INTERFAZ_RED VALUES (3,'ETHERNET-WIFI');
INSERT INTO TIPO_INTERFAZ_RED VALUES (4,'3G/47');

-- TIPO RAM
INSERT INTO TIPO_RAM VALUES (1, 'DDR1');
INSERT INTO TIPO_RAM VALUES (2, 'DDR2');
INSERT INTO TIPO_RAM VALUES (3, 'DDR3');
INSERT INTO TIPO_RAM VALUES (4, 'DDR4');
INSERT INTO TIPO_RAM VALUES (5, 'EPROM');

-- TIPO_SO
INSERT INTO TIPO_SO VALUES (1, 'WINDOWS');
INSERT INTO TIPO_SO VALUES (2, 'LINUX');
INSERT INTO TIPO_SO VALUES (3, 'MAC OS');
INSERT INTO TIPO_SO VALUES (4, 'UNIX');
INSERT INTO TIPO_SO VALUES (5, 'SOLARIS');
INSERT INTO TIPO_SO VALUES (6, 'ANDROID');
INSERT INTO TIPO_SO VALUES (7, 'IOS');
INSERT INTO TIPO_SO VALUES (8, 'FREEBSD');

-- UBICACION
INSERT INTO UBICACION (UBICACION_ID, NOMBRE, PISO, CUBICULO, EDIFICIO_ID)VALUES (152, 'ADMINISTRACION SALA A Y B', 'PB', 'N/A', 5);
INSERT INTO UBICACION (UBICACION_ID, NOMBRE, PISO, CUBICULO, EDIFICIO_ID)VALUES (151, 'ADMINISTRACION SALA C', '2', 'N/A', 5);
INSERT INTO UBICACION (UBICACION_ID, NOMBRE, PISO, CUBICULO, EDIFICIO_ID)VALUES (130, 'COMPUTACION GRAFICA', '2', '219', 5);
INSERT INTO UBICACION (UBICACION_ID, NOMBRE, PISO, CUBICULO, EDIFICIO_ID)VALUES (18, 'COMPUTACION SALA A', 'PB', '8', 5);
INSERT INTO UBICACION (UBICACION_ID, NOMBRE, PISO, CUBICULO, EDIFICIO_ID)VALUES (128, 'COMPUTACION SALA B', 'PB', '7', 5);
INSERT INTO UBICACION (UBICACION_ID, NOMBRE, PISO, CUBICULO, EDIFICIO_ID)VALUES (17, 'COMPUTACION SALA CISCO', '2', '218', 5);
INSERT INTO UBICACION (UBICACION_ID, NOMBRE, PISO, CUBICULO, EDIFICIO_ID)VALUES (136, 'COMPUTACION SALA C', 'PB', '3', 9);
INSERT INTO UBICACION (UBICACION_ID, NOMBRE, PISO, CUBICULO, EDIFICIO_ID)VALUES (11, 'ESTANDARES ABIERTOS JAVA-IBM','1', '102',6);
INSERT INTO UBICACION (UBICACION_ID, NOMBRE, PISO, CUBICULO, EDIFICIO_ID)VALUES (150, 'IOS DEVELOPMENT LAB', 'PB', '10', 9);
INSERT INTO UBICACION (UBICACION_ID, NOMBRE, PISO, CUBICULO, EDIFICIO_ID)VALUES (13, 'MICROCOMPUTADORAS', '2', '209', 5);
INSERT INTO UBICACION (UBICACION_ID, NOMBRE, PISO, CUBICULO, EDIFICIO_ID)VALUES (53, 'MICROPROCESADORES Y MICROCONTROLADORES', '1', '102', 6);
INSERT INTO UBICACION (UBICACION_ID, NOMBRE, PISO, CUBICULO, EDIFICIO_ID)VALUES (9, 'MICROSOFT RESEARCH', '2', '221', 5);
INSERT INTO UBICACION (UBICACION_ID, NOMBRE, PISO, CUBICULO, EDIFICIO_ID)VALUES (15, 'PROGRAMA DE TECNOLOGIA EN COMPUTACION (PROTECO)', '2', '208', 5);
INSERT INTO UBICACION (UBICACION_ID, NOMBRE, PISO, CUBICULO, EDIFICIO_ID)VALUES (16, 'REDES Y SEGURIDAD', '2', '208',5);
INSERT INTO UBICACION (UBICACION_ID, NOMBRE, PISO, CUBICULO, EDIFICIO_ID)VALUES (116, 'SISTEMAS ELECTRICOS DE POTENCIA II', 'PB', 'N/A', 5);
-- INSERT INTO UBICACION (UBICACION_ID, NOMBRE, PISO, CUBICULO, EDIFICIO_ID)VALUES (200, 'SITE P', 'PB', '', 9);


-- USUARIO_FINAL
INSERT INTO USUARIO_FINAL VALUES (1, 'ALUMNO', , );
INSERT INTO USUARIO_FINAL VALUES (2, 'INVESTIGADOR', , );
INSERT INTO USUARIO_FINAL VALUES (3, 'PERSONAL ACADEMICO', , );
INSERT INTO USUARIO_FINAL VALUES (4, 'PERSONAL ADMINISTRATIVO', , );
INSERT INTO USUARIO_FINAL VALUES (5, 'BIBLIOTECA USUARIO', , );
INSERT INTO USUARIO_FINAL VALUES (6, 'BIBLIOTECA ADMINISTRATIVO', , );
INSERT INTO USUARIO_FINAL VALUES (7, 'SERVIDOR WEB', , );
INSERT INTO USUARIO_FINAL VALUES (8, 'SERVIDOR', , );